participant, model_name, AIC, v1_targ, v2_targ, v1_int, v2_int, eta1_targ, eta2_targ, eta1_int, eta2_int, a_targ, a_guess, gamma, beta, kappa, lambda_b, lambda_f, zeta, rho, Ter, st
1, Spatiotemporal Gradient ETA, 1896.2212, 4.4589, 0, 2.4493, 0, 0.93084, 0.031146, 0.0012244, 0.00647, 3.8448, 1.5485, 0.024212, 0.097285, 0.74234, 0.2607, 0.34839, 0.82188, 0.68107, 1.0748e-05, 0
2, Spatiotemporal Gradient ETA, 1801.4359, 4.9937, 0, 1.9381, 0, 0.94657, 0.0094163, 0.13847, 3.9714e-06, 4.014, 1.5115, 0.033105, 0.048679, 0.49711, 0.026702, 1.3106, 0.67945, 0.92226, 0.0019821, 0
3, Spatiotemporal Gradient ETA, 3237.0585, 4.728, 0, 1.5971, 0, 7.8429e-06, 0.0015902, 0.41276, 0.010306, 2.5987, 1.2926, 0.079018, 0.34404, 0.90183, 0.41216, 0.95118, 0.80106, 0.55619, 0.0901, 0
4, Spatiotemporal Gradient ETA, 2794.2916, 4.7473, 0, 1.6973, 0, 0.16089, 0.0071786, 0.18623, 0.0051187, 3.3986, 1.633, 0.11329, 0.098371, 0.49433, 0.25733, 1.008, 0.99532, 0.77342, 1.2248e-07, 0
5, Spatiotemporal Gradient ETA, 4225.7646, 4.3345, 0, 0.77831, 0, 0.28415, 4.5039e-06, 0.38014, 0.010541, 1.1111, 0.66806, 0.09133, 0.24907, 0.58983, 0.319, 0.40769, 6.0377e-05, 0.93524, 0.21013, 0
